License_Number,Name,Date_of_Birth,Father_Name,Citizenship_Number,Phone_Number
62-70-76949345,Anita KC,05-04-1981,Krishna Neupane,49-42-44-99843,972161538
40-42-16492664,Pawan Subedi,30-10-1992,Pradeep Shrestha,90-32-75-93353,974726149
02-10-32067281,Ram Timilsina,14-07-1986,Bijay Acharya,90-05-03-66787,986894724
89-11-24924135,Pradeep Thapa,15-08-1990,Bimal Pradhan,86-18-19-72078,989166820
81-78-20723312,Sneha Karki,08-10-1990,Dinesh Karki,27-19-78-29412,975759009
38-33-55222692,Pratima Pandey,31-05-1998,Naren Basnet,14-98-16-35602,973083777
02-42-74928437,Nisha Khatri,13-10-1989,Bijay Gyawali,42-75-79-73823,976689113
83-02-48548429,Niraj Khatiwada,08-01-2006,Prabin Acharya,04-02-15-59346,986673580
60-62-30967341,Asmita Thapa,15-10-1988,Bibek Sapkota,19-04-14-87731,972149125
25-03-35037489,Jitendra Sharma,15-09-2002,Prashant Pradhan,50-99-68-64329,982827248
14-88-74737803,Anil Neupane,08-07-1991,Santosh Timilsina,00-80-95-17414,983523369
40-42-16492664,Rajan Bhusal,23-07-2005,Ashok Panta,90-05-03-66787,986829531
37-34-85135336,Hari Shrestha,22-01-1972,Bimal Acharya,31-40-56-93318,972872600
12-65-42011066,Sanjita Basnet,10-12-1987,Ashok Subedi,54-53-16-01741,988521776
04-98-65677055,Anita Acharya,05-11-1995,Prashant Tamang,05-35-07-66808,988606437
76-48-96162004,Sabina Devkota,21-07-1972,Rabin Bajracharya,71-29-17-40613,982841909
74-93-52534161,Sneha Pandey,08-04-2002,Milan Ghimire,89-25-15-22226,979004164
73-24-23236122,Naren Khatiwada,24-12-1971,Sandeep Dahal,01-57-97-46047,988086860
34-32-11927484,Sunil Dahal,28-01-1974,Rabin Khatiwada,88-80-38-75930,982193927
52-74-14484087,Bikash Panta,16-03-1973,Ramesh Khatri,98-60-76-16141,977627804
12-82-68974230,Bibek Bhandari,26-02-2003,Manish Poudel,61-49-21-72695,984884091
45-79-29102911,Santoshi Bhusal,15-12-1994,Pradeep Bajracharya,67-83-00-58344,977058066
63-15-70370553,Sneha Dhamala,05-04-2005,Arjun Bhusal,56-53-74-31411,984409056
66-71-81551281,Pradeep Basnet,03-09-1976,Suman Gyawali,92-42-26-40627,977305094
83-86-21393065,Arjun Pandey,21-11-1981,Santosh Gyawali,28-72-19-28096,979456107
67-33-31501813,Asha Ghimire,18-10-1985,Ashok Chhetri,01-20-70-09804,977266684
94-03-87496439,Santosh Subedi,27-01-1975,Naren Adhikari,26-49-79-89427,988407161
17-74-55642474,Milan Rijal,26-11-1977,Pradeep Gyawali,15-03-01-94815,983946247
25-72-32554310,Bishnu Rijal,22-03-1990,Ramesh Bista,17-88-64-64711,988518323
94-14-79912792,Sneha Bajracharya,01-09-1987,Bishnu Aryal,71-50-82-61318,981294086
59-47-70048581,Roshani Dahal,23-01-1978,Krishna Tamang,66-46-33-45260,973438148
79-10-41836032,Pooja Dhamala,16-06-1999,Suman Pradhan,84-27-41-25366,977305094
64-28-59505500,Manish Bhandari,11-10-1971,Saroj Bhattarai,56-53-74-31411,976620593
14-88-93061494,Roshan Aryal,08-04-1973,Pradeep Regmi,54-53-16-01741,976404861
73-64-52963289,Sita Acharya,31-08-1976,Bimal Pradhan,52-23-62-39694,973153827
45-22-11780087,Rabin Bhusal,09-01-1971,Santosh Thapa,18-50-42-44000,972468533
51-87-78248086,Sanjita Devkota,23-10-1973,Pradeep Pokhrel,20-32-25-58444,973698204
07-36-12673286,Suren Acharya,02-05-1977,Narendra Dahal,68-63-42-50643,986907555
01-18-22823990,Pradeep Bhandari,30-10-1992,Ramesh Acharya,31-99-08-95179,973438148
80-36-75568928,Nisha Shrestha,27-06-1988,Anil Pandey,44-83-52-38030,971856343
16-36-42547599,Shova Poudyal,11-06-1980,Narendra Neupane,83-99-77-90200,987102887
59-63-70248421,Shova Poudyal,15-09-2002,Narendra Bista,25-95-32-12662,975132035
23-38-94434048,Asmita Karki,19-10-1973,Ram Rijal,77-84-36-61595,982192866
31-44-26477273,Maheshwar Panta,16-10-1978,Naren Thapa,05-61-86-66473,976486048
79-99-41045967,Laxmi Gurung,01-05-1997,Dipesh Rai,12-04-41-87497,972872600
23-38-94434048,Ranju Adhikari,24-12-1971,Manish Acharya,31-41-48-03763,979244374
75-25-80769553,Sita Subedi,13-09-1970,Bimal Ghimire,84-27-41-25366,984759585
19-18-18785404,Sunil Khatiwada,30-04-1992,Bijay Karki,39-73-01-60771,985198535
22-86-31410176,Jitendra Sharma,29-12-1982,Naren Basnet,45-62-27-29163,987774623
60-63-14001423,Suren Neupane,31-12-1979,Rabin Khatri,34-98-26-94235,987151560
24-38-38751011,Sneha Pandey,06-07-1981,Sunil Poudyal,05-90-34-24436,987556858
58-83-12568151,Sunita Bhattarai,22-01-1977,Ganesh Basnet,86-89-69-26296,977452382
02-52-16351970,Ramesh Basnet,06-07-1980,Prabin Khatiwada,41-70-96-78197,978259540
38-66-90466949,Lila Magar,24-09-1998,Hari Ghimire,26-46-41-82268,985050602
00-97-91431349,Manish Timilsina,16-07-1995,Maheshwar Poudyal,95-33-08-81397,985215634
00-94-18832623,Bimal Ghimire,05-02-1986,Shyam Regmi,75-98-65-13297,982196415
14-75-51724448,Pradeep Pradhan,15-05-1986,Manish Bhandari,04-73-05-90363,972485962
08-73-94613065,Sanjita Basnet,09-12-1990,Pradeep Bajracharya,20-25-63-85536,984884091
89-22-46292325,Asmita Tamang,19-01-1985,Dipesh Gyawali,84-27-41-25366,972139895
34-04-89798609,Anil Thapa,09-04-1973,Pawan Acharya,57-35-87-77467,981180636
74-50-25067271,Bijay Poudyal,26-04-1985,Shyam Basnet,05-07-96-82980,974672118
85-82-49593640,Dipesh Rai,11-07-1972,Deepak Bhandari,78-45-18-46930,974404439
29-51-26783515,Sunita Neupane,16-03-1973,Santosh Bhusal,06-47-74-68275,989765592
12-34-75958109,Kusum KC,23-10-1982,Bibek Basnet,19-04-14-87731,972161538
75-48-48085063,Suresh KC,09-09-1974,Saroj Magar,12-04-41-87497,979096408
57-13-78472153,Maheshwar Sharma,19-10-1982,Pradeep Pradhan,68-63-42-50643,986237746
76-58-90008053,Rajan Gurung,01-05-1978,Saroj Magar,70-77-25-39648,978783591
42-20-53877658,Dipesh Ghimire,14-01-1992,Sunil Sapkota,79-93-62-11727,975193931
94-63-96060625,Anita Karki,24-07-1996,Suman Pradhan,89-74-19-13176,974623211
85-78-44942690,Bimala Khatri,23-04-1996,Roshan Dahal,26-87-46-27446,989489885
96-96-73502273,Maheshwar Poudel,22-11-1983,Sandeep Pokhrel,25-57-45-44627,974496857
13-03-61070550,Jitendra Pokhrel,18-10-2004,Hari KC,20-32-25-58444,983361827
88-99-80585458,Bishnu Rijal,03-08-1974,Santosh Devkota,49-32-37-89589,978234938
88-99-80585458,Rajan Adhikari,18-12-1981,Jitendra Gurung,07-77-83-37792,986475589
64-60-51880655,Milan Rijal,08-05-1970,Arjun KC,38-76-46-56079,978783591
86-82-27196580,Sabina Karki,17-01-1971,Saroj Rai,88-16-09-84876,988181007
07-71-49008338,Nirmala Tamang,26-02-2003,Narendra Thapa,81-62-65-85332,976900508
44-87-70407021,Sabina Poudyal,30-09-1977,Prabin Khatiwada,94-12-68-23141,977452382
28-90-19097466,Pawan Bista,03-08-1974,Pawan Subedi,44-83-52-38030,978830235
83-55-91449968,Bishnu Khatiwada,28-01-1989,Pradeep Shrestha,72-15-99-92930,981294086
54-97-27937540,Shiva Rijal,04-11-1988,Naren Bajracharya,61-91-36-95075,977266684
32-29-90885405,Bishnu Khatiwada,15-12-1985,Sunil Poudel,66-07-85-74731,983946247
17-85-50430633,Manisha Pokhrel,12-07-2003,Bibek Thapa,13-69-81-17800,976029199
80-13-31324484,Manisha Thapa,30-10-1992,Pradeep Acharya,97-80-89-46885,977916738
68-63-47949932,Maya Khatri,01-05-1978,Ashok Aryal,95-32-80-10362,976029199
56-11-62395987,Santosh Regmi,22-11-1983,Pradeep Regmi,56-53-74-31411,975643717
15-05-77947794,Sneha Shrestha,04-05-1995,Shyam Dhamala,75-43-19-04687,981725924
94-63-96060625,Bikash Basnet,14-12-1987,Hari Acharya,70-43-38-90867,974210848
11-00-93603530,Maya Shrestha,03-03-1974,Arjun Bhusal,67-21-52-48297,988189379
15-40-14109978,Naren Khatri,23-10-1982,Suresh Basnet,15-82-64-03965,984388791
96-63-99806231,Rajan Bhusal,18-11-1991,Pradeep Bhandari,43-38-14-90589,973455652
08-73-94613065,Krishna Tamang,15-08-1990,Roshan Dahal,49-32-37-89589,977023159
29-44-77579421,Dinesh Khatiwada,16-06-2003,Bikash Panta,30-23-03-93593,983244168
69-84-48830244,Sneha Basnet,27-10-1985,Hari Bhattarai,29-34-47-62452,971759718
89-11-24924135,Ranju Subedi,18-10-1994,Kiran Ghimire,15-03-01-94815,989295309
78-21-40693915,Niraj Poudel,15-06-1971,Narendra Dahal,95-98-12-03554,977955270
81-78-20723312,Anita Khatri,26-03-2001,Shiva Rai,62-67-10-56326,972088437
23-00-49898672,Milan Chhetri,30-06-1988,Bishnu Shrestha,12-04-41-87497,987151560
52-74-14484087,Saroj Bhattarai,28-01-1995,Shiva Gurung,12-48-65-01635,976689113
77-15-80546486,Ranju Subedi,26-04-1985,Shyam Dahal,27-19-78-29412,979480412
08-78-54948958,Sushila Sharma,09-02-1976,Ramesh Panta,30-40-93-03939,981128727
29-74-54998290,Kavita Sharma,15-06-1971,Niraj Bajracharya,25-35-97-57625,971837532
00-94-18832623,Suresh Neupane,04-03-1979,Ashok Chhetri,05-90-34-24436,985215634
77-84-43411447,Arjun Devkota,03-09-1976,Ramesh Basnet,40-51-88-08537,976900508
79-06-84246678,Saroj Acharya,11-06-1984,Pradeep Bhandari,53-08-99-51079,971572387
80-13-31324484,Maya Dahal,24-02-1974,Krishna Neupane,25-74-45-37423,989970053
97-74-97619388,Anita Bhusal,18-10-1982,Shiva Regmi,38-77-02-29920,976689113
83-02-48548429,Radha Ghimire,26-04-1985,Ram Bhusal,08-59-38-00005,976734361
57-20-17450552,Manisha Poudyal,13-09-1970,Niraj Gyawali,05-99-18-85330,971690265
73-08-56729353,Santosh Thapa,15-12-1993,Suman Pradhan,40-51-88-08537,973917828
15-79-70586184,Deepak Rai,22-01-1977,Milan Basnet,40-47-70-43892,982197530
39-98-50310958,Naren Khatiwada,27-06-1997,Sandeep Devkota,95-33-08-81397,986055624
32-53-16245980,Komal Pradhan,26-09-1998,Milan Rijal,09-34-16-39246,989107602
12-34-75958109,Rabin Bhusal,14-09-2004,Bijay Karki,13-06-22-43980,982841909
08-78-54948958,Shiva Bhattarai,08-01-2006,Ganesh Acharya,56-94-83-07919,985265403
23-34-95392925,Pratima Devkota,22-04-2002,Suren Dahal,04-21-75-13176,986673580
19-07-63880810,Prabin Gyawali,21-06-1986,Bibek Subedi,12-10-63-76853,974817987
78-06-77554662,Sita Basnet,21-06-1997,Roshan Tamang,52-51-75-72852,971429200
33-74-86553252,Niraj Adhikari,28-11-1974,Dinesh Bajracharya,33-02-56-40898,978531318
22-86-31410176,Arjun Poudyal,20-08-1987,Pawan Sharma,98-90-50-94717,981570330
99-71-40548130,Komal Ghimire,13-04-1981,Anil Thapa,21-26-08-44021,976404861
36-70-66902759,Ganesh Aryal,10-12-1977,Narendra Magar,28-72-19-28096,983245302
02-42-74928437,Rekha Pandey,19-07-1987,Shiva Gyawali,00-99-45-53473,982196415
89-24-74985385,Ganesh Regmi,01-03-1979,Dinesh Khatiwada,53-08-99-51079,979745231
09-34-99766195,Ganesh Regmi,29-10-1987,Narendra Magar,54-63-03-60439,986322306
76-52-99448960,Komal Rai,02-10-1986,Naren Shrestha,42-59-35-39919,982149113
01-18-22823990,Sabina Bista,06-09-1995,Santosh Devkota,22-61-04-69504,981114101
17-93-50491643,Sita Acharya,24-09-1998,Pradeep Shrestha,86-18-19-72078,988336300
70-80-32831934,Hari Acharya,03-04-1983,Naren Subedi,89-25-15-22226,974404439
76-52-99448960,Bikash Basnet,21-12-1988,Shyam Subedi,69-31-15-41748,989347346
68-63-47949932,Sandeep Devkota,15-08-1990,Manish Poudel,33-02-56-40898,975643717
04-09-69807857,Santoshi Bhattarai,11-06-2000,Anil Thapa,92-32-42-06440,976404861
51-23-54695394,Manisha Devkota,25-05-1973,Sandeep Bhandari,37-05-75-25051,982146642
93-87-60884161,Komal Khatiwada,03-05-1986,Suren Dahal,54-38-92-70445,976308079
32-29-90885405,Krishna Neupane,25-03-1971,Rajan Rijal,77-84-36-61595,974837586
02-19-26333555,Anil Pokhrel,01-05-1997,Hari Devkota,52-23-62-39694,976852378
77-84-43411447,Ganesh Bista,28-03-1988,Arjun Ghimire,19-63-92-72308,976867689
22-86-31410176,Gauri Bajracharya,29-09-1994,Jitendra KC,43-38-14-90589,972161538
70-80-32831934,Mina Neupane,05-11-1995,Ganesh Panta,62-67-10-56326,973976777
53-05-59959038,Bishnu Regmi,26-11-2003,Prashant Gurung,46-26-92-12033,972485863
71-47-95996032,Pradeep Pokhrel,09-04-1974,Sandeep Pradhan,23-63-32-83542,976366487
98-62-99869272,Anita Pradhan,06-06-2004,Saroj Bhattarai,71-50-82-61318,979819576
07-30-25020558,Hari Devkota,20-08-2000,Niraj Dahal,08-78-77-05007,989347346
59-87-64281913,Prabha Pradhan,25-04-1994,Jitendra Sharma,26-87-46-27446,977058066
09-77-45758731,Pawan Sharma,15-12-1985,Bijay Aryal,25-95-32-12662,988086860
63-15-70370553,Sanjita Dahal,28-08-1984,Shiva Gyawali,38-74-64-48461,977131737
79-12-20538459,Maya Khatri,11-06-1984,Prabin Gyawali,74-73-01-52251,987160457
10-93-26649255,Sarita Panta,02-05-1977,Arjun Ghimire,36-50-51-64820,985390979
95-84-59245404,Bimala Bhattarai,24-08-1974,Bijay Poudyal,93-84-88-17886,986608293
66-22-28422221,Bimal Ghimire,11-10-1971,Milan Poudyal,48-51-58-60312,987160457
23-34-95392925,Suresh Poudel,26-05-2003,Bijay Poudyal,39-02-50-92282,977838840
93-87-60884161,Sita Subedi,01-04-1995,Dinesh Tamang,05-90-34-24436,974986364
72-80-77660281,Sunil Poudel,24-10-2006,Ramesh Acharya,95-41-23-13009,983244168
05-55-44016426,Pooja Rai,25-02-1972,Manish Bista,78-94-74-66385,978387742
87-20-26919861,Sunil Timilsina,24-09-1998,Hari Pokhrel,12-59-17-38504,971834552
28-49-26819815,Sunita Panta,28-04-2002,Prashant Bhattarai,92-87-62-14038,986673580
17-93-50491643,Nisha Khatri,30-06-2005,Naren Khatiwada,71-29-17-40613,972872600
77-15-80546486,Rupa Tamang,17-05-1995,Roshan Bista,02-55-92-18133,982697264
86-91-84659935,Suman Acharya,05-11-1995,Jitendra Gurung,89-05-67-48307,982028852
26-68-16684443,Rupa Aryal,27-07-1979,Pawan Bajracharya,11-17-47-37446,981158609
59-94-50367738,Santoshi Khatiwada,27-11-1991,Sandeep Chhetri,64-34-41-41550,972403210
83-39-61644903,Lila Bhandari,22-04-1990,Kiran Dhamala,22-93-49-37218,974210848
17-75-58586896,Sumitra Devkota,10-12-2003,Kiran Neupane,33-02-56-40898,981294086
56-11-62395987,Suresh Poudel,22-01-1972,Prashant Subedi,06-80-79-17212,986009003
43-69-97422911,Kalpana Neupane,02-10-2002,Sandeep Bhandari,86-89-69-26296,986416879
30-95-42199016,Bishnu Khatri,05-11-1995,Rabin Bajracharya,40-51-88-08537,977436802
26-57-34382723,Niraj Gyawali,21-04-1987,Suman Thapa,83-99-77-90200,978259540
56-52-42459639,Nisha Timilsina,14-03-1985,Dipesh Dahal,12-34-88-55700,974476144
18-04-41835914,Prativa Shrestha,21-03-2002,Naren Bajracharya,04-83-97-18775,975193931
05-25-16788223,Pawan Sharma,22-11-1983,Maheshwar Gurung,28-84-21-55826,989933757
69-44-74254611,Pawan Rai,18-08-1972,Niraj Gurung,88-80-38-75930,983317467
71-47-95996032,Suresh Khatiwada,25-09-1998,Kiran Poudyal,13-06-22-43980,977042213
41-62-31088306,Bishnu Shrestha,15-05-1986,Prabin Pradhan,00-99-45-53473,971429200
46-65-36417017,Susmita Gyawali,02-08-1974,Deepak Subedi,95-98-12-03554,987160457
99-26-72642298,Suman Pokhrel,25-09-1998,Hari Acharya,10-78-15-96794,982193927
23-34-95392925,Roshan Shrestha,27-07-1979,Maheshwar Bhandari,22-61-04-69504,973083777
45-79-29102911,Saroj Pandey,09-08-1990,Ramesh Rijal,47-95-92-34870,979480412
04-98-65677055,Bimala Sapkota,30-10-1992,Suresh KC,85-77-25-88689,972162039
29-48-96135528,Asha Ghimire,29-12-1995,Prabin Gurung,99-51-35-67661,982135664
76-52-99448960,Maya Karki,24-07-1993,Pradeep Shrestha,27-19-78-29412,979178837
08-73-94613065,Santoshi Bajracharya,18-02-2003,Ram Adhikari,08-59-38-00005,983640154
01-18-22823990,Suren Regmi,21-04-1987,Milan Basnet,32-87-62-66325,973887179
59-94-50367738,Milan Chhetri,06-01-1983,Suren Acharya,60-61-40-16587,982049103
06-00-48462781,Narendra Thapa,14-01-1977,Prashant Khatri,86-18-19-72078,979004164
05-51-31279556,Namrata Neupane,22-04-1990,Ramesh Subedi,01-66-02-02434,972314223
98-62-99869272,Prabha Rai,14-11-1981,Ramesh Adhikari,79-03-77-84365,977251808
60-62-30967341,Sushila Sharma,14-07-1986,Kiran Neupane,66-42-04-00809,979877788
14-82-56757571,Ram Bajracharya,06-01-1983,Hari KC,21-78-93-94383,977115709
54-08-82133076,Roshani Poudel,20-05-1986,Ganesh Sharma,94-56-93-78435,986055624
01-18-22823990,Rekha Pandey,14-11-1981,Ramesh Devkota,59-79-73-38058,989765592
65-26-57686508,Sushila Timilsina,31-08-2006,Rajan Rijal,31-09-13-95240,974377650
99-06-65922759,Ramesh Acharya,05-11-1995,Bibek Subedi,48-51-58-60312,984727998
46-65-64961544,Sunil Chhetri,24-10-2006,Dipesh Bhattarai,56-69-80-35367,988906091
91-63-77938001,Kalpana Regmi,09-09-1998,Rajan Dhamala,54-38-92-70445,977376792
67-55-86528991,Naren Subedi,28-06-1992,Prashant Acharya,10-25-31-03645,989516905
86-82-27196580,Saroj Timilsina,15-11-2001,Ashok Panta,13-06-22-43980,984388791
09-34-99766195,Hari Adhikari,16-08-1974,Saroj Acharya,53-08-99-51079,983317467
08-93-31650747,Arjun Poudyal,24-07-1993,Ramesh Gurung,25-04-58-35995,974334431
59-27-15752028,Shiva Pandey,25-05-1973,Arjun Dhamala,30-09-55-16199,981156350
56-54-55607505,Bimala Dahal,26-09-1998,Bikash Poudel,62-03-27-45941,986237746
76-58-90008053,Pooja Khatri,26-09-1998,Bikash Panta,85-77-25-88689,987160457
71-01-92891286,Pratima Timilsina,26-03-2001,Ram Gurung,75-28-49-12294,975694070
69-05-37202079,Sunil Khatiwada,14-07-2004,Ashok Panta,25-18-42-95321,978406670
34-32-11927484,Sita Acharya,19-10-1984,Jitendra Poudyal,73-48-35-74584,973645581
46-65-64961544,Kusum Khatiwada,24-10-2006,Bishnu Khatiwada,56-69-80-35367,986363080
05-69-42862482,Prashant Gurung,14-07-1986,Niraj Poudel,57-53-58-66834,982344159
98-04-40884745,Roshani Ghimire,01-09-1987,Arjun Bhusal,34-38-88-26448,972611264
83-86-21393065,Sandeep Chhetri,31-12-1979,Ram Panta,47-95-92-34870,976848554
12-89-17511602,Naren Khatri,16-03-1973,Kiran Neupane,28-72-19-28096,982682518
80-36-75568928,Bina Neupane,13-06-1986,Niraj Gyawali,69-31-15-41748,983245302
79-35-51688807,Maheshwar Bista,09-12-1990,Ganesh Acharya,14-21-39-15620,978234938
86-82-27196580,Prashant Gurung,25-05-1973,Maheshwar Poudel,85-45-11-24486,976780170
75-97-59115198,Rekha Poudel,12-12-1976,Hari KC,01-66-02-02434,979587115
87-35-19374313,Asha Ghimire,28-12-1993,Arjun Pandey,86-89-69-26296,988762748
11-69-98962961,Suman Subedi,15-12-1982,Bibek Subedi,62-51-41-05199,975938286
38-02-51638737,Shiva Gyawali,06-09-1995,Bibek Bhandari,49-32-37-89589,982146642
16-36-42547599,Bijay Bista,01-01-1993,Ramesh Khatri,10-25-31-03645,971403688
30-84-29891985,Prabin Bista,14-07-1986,Maheshwar Panta,34-38-88-26448,979004164
00-94-18832623,Maya Shrestha,14-12-1987,Kiran Bhandari,51-11-23-74798,978808362
79-44-23264938,Sandeep Rijal,19-05-1992,Jitendra Pokhrel,82-59-18-52012,988164585
45-22-11780087,Jitendra Devkota,26-04-1985,Shiva Bajracharya,74-97-33-92175,976866352
46-65-36417017,Dipesh Tamang,15-06-1975,Bijay Acharya,56-53-74-31411,982344159
22-86-31410176,Sita Subedi,31-03-1982,Jitendra KC,82-27-04-82136,986151900
55-10-89147366,Susmita Karki,21-05-1986,Deepak Pokhrel,22-61-04-69504,971732308
26-46-38261970,Nisha Shrestha,14-07-1976,Maheshwar Neupane,64-81-24-87812,972149125
58-83-12568151,Jitendra Poudyal,14-07-1984,Suman Tamang,51-59-75-28907,982146642
68-40-18128869,Suresh Gyawali,15-06-1975,Rabin Sapkota,53-08-99-51079,989933757
80-47-81406760,Shova Aryal,13-10-1989,Bijay Subedi,86-40-85-55362,984539012
68-54-31177200,Santoshi Adhikari,07-05-1971,Niraj Adhikari,90-79-64-95105,972010634
40-40-72313631,Maya Poudel,18-02-1988,Krishna Neupane,97-80-89-46885,973243294
80-36-75568928,Bikash Aryal,21-12-1988,Milan Chhetri,54-63-03-60439,989584041
69-49-73129198,Pooja Ghimire,11-06-1984,Prabin Subedi,84-84-12-52189,973095234
26-85-91581968,Milan Chhetri,30-04-1992,Ramesh Thapa,34-38-88-26448,974334431
63-79-87126462,Sumitra Devkota,11-06-2000,Manish Dahal,48-51-58-60312,978387742
16-20-60904032,Deepak Bhandari,15-11-2001,Niraj Dahal,82-69-51-68275,982344159
96-96-73502273,Shiva Bhattarai,18-05-1975,Shyam Thapa,55-21-43-85559,974414183
10-93-26649255,Mina Adhikari,25-04-1983,Ramesh Tamang,12-04-41-87497,989166820
05-55-44016426,Prativa Aryal,11-09-2000,Prabin Subedi,52-51-75-72852,977376792
67-52-52615714,Niraj Bhandari,31-12-1979,Sunil Gurung,96-45-89-17201,971862202
23-00-49898672,Sarita Bhandari,26-09-1998,Suman Pandey,10-96-64-02516,989748455
99-06-65922759,Prashant Pokhrel,31-10-2006,Santosh Subedi,14-98-16-35602,984759585
57-21-60229087,Ganesh Sharma,14-07-1984,Prabin Bhandari,40-52-65-46612,985259959
75-48-48085063,Prashant Bhattarai,31-03-1982,Suman Pandey,66-42-04-00809,979587115
09-77-45758731,Santoshi Bhusal,01-05-1997,Rajan Rijal,69-65-37-10979,979819576
76-52-99448960,Lila Bhandari,20-08-2000,Ram Adhikari,45-62-27-29163,981156350
63-15-70370553,Sita Sapkota,11-09-2000,Dinesh Dhamala,07-77-83-37792,975938286
89-22-46292325,Milan Poudyal,03-03-1971,Suman Aryal,64-81-24-87812,975049829
63-08-83710343,Rupa Dahal,03-09-1976,Milan Sharma,05-90-34-24436,983777822
05-55-44016426,Jitendra KC,26-11-2003,Rabin Khatri,93-41-94-71104,982196415
56-54-81791066,Saroj Acharya,28-10-2003,Arjun Bhandari,71-50-82-61318,972149125
73-08-56729353,Rabin Pradhan,27-10-1981,Sandeep Magar,53-75-12-21582,972468533
37-74-98119021,Maya Pokhrel,02-09-2005,Shyam Thapa,61-96-18-81051,971336213
54-97-27937540,Santosh Thapa,29-03-1976,Hari Shrestha,90-32-75-93353,976229161
11-83-31251972,Asha Chhetri,21-11-1989,Deepak Aryal,05-15-10-61330,975049829
94-63-96060625,Susmita Regmi,29-05-1998,Dinesh Devkota,28-59-99-26823,981128727
15-49-52426134,Prabin Pradhan,29-10-1994,Narendra KC,44-87-50-48104,982325001
70-03-86290020,Pradeep Pradhan,25-06-1995,Bimal Rijal,90-76-54-70478,974404439
16-36-42547599,Shiva Rai,22-08-1988,Niraj Thapa,10-92-60-89587,986009003
56-52-42459639,Sarita Dahal,27-11-2001,Saroj Khatiwada,72-25-44-39182,978491782
34-04-89798609,Suresh Gyawali,29-10-1987,Kiran Bhusal,73-05-97-82858,983640154
62-70-76949345,Bijay Acharya,18-08-1972,Narendra Shrestha,56-94-83-07919,983361827
23-11-22655926,Sanjita Bista,22-01-1972,Bikash Basnet,82-67-26-21902,972433224
09-86-99777265,Sita Bhusal,28-09-1998,Sunil Bista,94-70-92-58902,979877788
78-36-74531001,Maheshwar Gurung,27-10-1985,Narendra Magar,67-83-00-58344,988336300
71-47-95996032,Laxmi Basnet,08-10-1990,Ganesh Basnet,70-43-38-90867,971165912
68-54-31177200,Rabin Poudyal,29-11-1988,Narendra Gyawali,72-72-30-33114,976445146
07-54-78933228,Mina Gyawali,15-05-1994,Anil Gurung,89-74-19-13176,978494646
83-69-81103096,Nisha Tamang,28-01-1997,Shyam Dahal,80-68-77-30324,971978986
24-85-38838188,Radha Ghimire,04-03-1979,Pawan Karki,36-46-55-39424,989113151
23-00-49898672,Sunita Aryal,14-01-1987,Rajan Dhamala,04-96-82-74663,974288313
42-92-61978137,Prabin Bhandari,02-09-2005,Bimal Poudel,49-42-44-99843,982028852
07-30-25020558,Radha Khatiwada,02-10-2002,Ganesh Basnet,88-25-16-14709,974325072
50-09-83468096,Pratima Khatri,26-05-2003,Ganesh Neupane,52-23-62-39694,976486048
46-83-45820583,Pratima Basnet,22-05-1999,Ram Adhikari,12-59-17-38504,985050602
14-88-74737803,Komal KC,15-12-1994,Sunil Timilsina,12-59-17-38504,975606310
38-98-13697620,Dinesh Dhamala,11-07-1972,Kiran Dhamala,60-61-40-16587,987160457
95-02-62148030,Bishnu Rijal,03-05-1999,Ramesh Khatri,73-05-97-82858,989516905
24-50-40525533,Kavita Subedi,21-07-1972,Anil Bhandari,09-65-59-91494,972368702
30-63-62573545,Santoshi Adhikari,19-01-1985,Saroj Pandey,45-59-92-27089,973153827
79-98-28545389,Sneha Panta,10-06-2005,Suren Dahal,85-77-25-88689,973614849
94-88-15798462,Sunil Dahal,05-09-2006,Arjun Shrestha,92-87-62-14038,983875677
14-82-56757571,Sandeep Magar,29-11-2003,Maheshwar Poudyal,26-46-41-82268,979096408
75-91-37703963,Asha Acharya,15-09-2003,Bibek Aryal,15-82-64-03965,985198535
79-10-41836032,Manish Poudel,07-05-1971,Niraj Poudel,97-49-67-16192,982325001
90-39-71763399,Dinesh Acharya,06-03-1977,Ramesh Tamang,49-77-35-50934,988555043
09-86-99777265,Kusum Khatri,18-07-2002,Bibek Khatri,31-30-15-81270,986475589
09-73-80063671,Radha Poudyal,29-05-1998,Hari Ghimire,85-22-11-06612,982196415
97-71-97783923,Manish Pandey,12-06-1980,Dinesh Karki,54-63-03-60439,986625680
45-55-76194642,Prabin Bista,28-04-2002,Hari Shrestha,47-44-07-71056,986804630
60-63-14001423,Kusum Gurung,08-01-2006,Arjun Bhandari,91-21-87-52571,982325001
24-88-30721713,Hari Pokhrel,06-08-2003,Shyam Thapa,30-09-55-16199,979244374
33-17-93859202,Prashant Pradhan,16-11-2002,Kiran Regmi,08-59-38-00005,971666379
82-57-25238041,Lila Bista,16-06-2003,Dinesh Karki,41-13-71-56245,974021358
02-73-15577699,Komal Regmi,14-11-1981,Suren Magar,69-31-15-41748,975824601
67-52-52615714,Ganesh Bista,05-04-1976,Rajan Bhattarai,98-67-56-95483,979306606
33-17-93859202,Bishnu Bhusal,09-01-1991,Shyam Thapa,95-41-23-13009,976848554
33-74-86553252,Suman Aryal,30-10-1992,Jitendra Karki,62-03-27-45941,982766682
46-49-21641273,Saroj Gurung,18-07-2002,Dipesh Regmi,46-73-45-07813,973917828
94-14-79912792,Hari Devkota,25-04-1983,Sandeep Devkota,98-60-76-16141,983379895
16-20-60904032,Ganesh Bista,03-05-1986,Manish Bista,84-27-41-25366,971732308
94-03-87496439,Maya Khatri,20-03-1973,Pradeep Acharya,25-95-32-12662,983948326
34-32-11927484,Suren Regmi,02-09-2005,Ganesh Shrestha,39-20-71-48461,971978986
84-26-80543970,Bibek Subedi,28-09-1998,Ganesh Pandey,46-79-00-31058,972314223
28-90-19097466,Suman Pradhan,15-08-1990,Sandeep Pradhan,08-75-84-02612,982787636
03-01-30863887,Manisha Thapa,26-11-2003,Kiran Bhusal,60-43-97-88773,978857327
99-71-40548130,Prabha Rijal,16-08-1974,Rajan Bhusal,95-98-56-19825,981562870
21-37-12993190,Sumitra KC,13-02-1994,Manish Sharma,03-81-43-87789,989242874
94-75-69299986,Krishna Neupane,06-01-1983,Krishna Adhikari,01-66-02-02434,977955270
27-79-76656425,Sunil Dahal,13-12-1985,Narendra Magar,47-44-07-71056,986804630
02-42-74928437,Shova Poudyal,08-04-2002,Manish Sapkota,26-23-89-48114,986625680
33-36-84095535,Santosh Karki,14-07-1976,Suresh Bajracharya,44-87-50-48104,978531318
26-07-66335812,Komal Ghimire,08-01-1982,Roshan Neupane,36-46-55-39424,988189379
33-17-93859202,Pawan Bajracharya,11-09-2000,Ganesh Panta,95-63-86-64474,976366487
95-71-19009093,Niraj Gurung,04-09-1996,Ganesh Pandey,70-43-38-90867,983455539
74-57-93165773,Dipika Bista,01-01-1993,Santosh Rijal,26-87-46-27446,982766682
48-66-19434424,Anil Gurung,04-05-1988,Deepak Bhandari,25-23-71-76114,982034724
15-50-76319679,Pooja Rai,22-12-1982,Pradeep Neupane,13-06-22-43980,976310141
12-34-75958109,Ramesh Khatri,24-06-1979,Maheshwar Sharma,68-38-39-05592,986804630
51-97-13724473,Nirmala Regmi,28-01-1997,Deepak Aryal,24-65-73-92818,987102887
54-97-27937540,Nirmala Basnet,17-01-2004,Niraj Basnet,28-84-21-55826,976734361
09-73-80063671,Nisha Shrestha,09-06-1970,Ramesh Rijal,13-42-22-02724,982677765
78-36-74531001,Asmita Bajracharya,18-12-2000,Ramesh Ghimire,12-48-65-01635,986063978
51-97-13724473,Shiva Timilsina,13-10-1989,Krishna Adhikari,12-44-41-27969,974476144
33-52-42447105,Milan Rijal,21-11-1989,Bijay Bista,67-83-00-58344,979306606
30-95-42199016,Anil Bista,14-07-1984,Ashok Subedi,43-50-96-32673,982870080
83-86-21393065,Gauri Bajracharya,23-01-1977,Krishna Neupane,98-90-50-94717,988444681
22-95-60702988,Shova Shrestha,21-04-1987,Pradeep Shrestha,73-48-35-74584,978500946
57-20-17450552,Prabin Acharya,15-08-1990,Shiva Bhattarai,31-41-48-03763,976848554
48-07-92321638,Maya Khatri,28-01-1989,Ashok Chhetri,82-67-26-21902,982608128
11-00-93603530,Pradeep Bhandari,26-11-1977,Bikash Basnet,49-16-02-46466,977305094
09-73-80063671,Prashant Subedi,16-08-1974,Saroj Khatiwada,03-73-24-51276,982429331
09-86-99777265,Anil Bhandari,14-09-2004,Sunil Timilsina,13-42-22-02724,983948326
19-07-63880810,Santosh Rai,04-03-1979,Pawan Rai,22-46-08-57564,981114101
06-23-29065652,Dipika Bista,19-04-1975,Dipesh Regmi,17-63-28-42682,989765592
83-86-21393065,Sita Subedi,09-06-1970,Rajan Gurung,51-11-23-74798,988164585
33-61-31147333,Dinesh Bhandari,06-07-1981,Rabin Timilsina,98-62-32-24305,971759718
83-86-21393065,Kalpana Bhattarai,06-03-1996,Ram Neupane,01-43-25-58089,974576222
48-07-92321638,Suman Devkota,26-03-2001,Anil Neupane,66-46-33-45260,972468533
21-82-70206461,Roshan Tamang,19-10-1984,Rabin Pradhan,12-69-62-11893,988906091
66-83-94763573,Hari Timilsina,21-01-1987,Bijay Poudyal,70-77-25-39648,982135664
44-51-78648975,Suren Dahal,12-01-2000,Milan Shrestha,80-90-43-97095,985595004
79-06-84246678,Shiva Sharma,26-09-1998,Kiran Regmi,94-19-48-49216,982522082
66-22-28422221,Pawan Karki,26-05-2001,Niraj Adhikari,67-83-00-58344,987667635
03-01-30863887,Saroj Magar,16-06-2005,Suresh Neupane,14-49-53-56148,973184385
14-95-88131106,Ram Gurung,16-05-1976,Pradeep Acharya,61-91-36-95075,984336656
48-92-69752170,Sumitra Pandey,25-01-2006,Anil Bhandari,17-76-63-35757,971759718
05-25-16788223,Narendra Dahal,14-01-1977,Shyam Regmi,06-47-74-68275,978500946
76-66-58249957,Pawan Acharya,02-04-1972,Bibek Sharma,71-27-04-69157,989634603
78-36-74531001,Sita Khatiwada,26-04-1984,Suren Poudyal,87-19-19-71561,983034049
53-61-71093951,Niraj Bhandari,16-05-1976,Manish Pandey,09-99-75-16821,972485863
94-88-15798462,Sabina Devkota,24-10-1997,Santosh Timilsina,80-62-10-69494,974257795
59-47-70048581,Asmita Devkota,15-07-2005,Bishnu Rijal,47-81-89-62559,972611264
91-63-77938001,Pooja Pradhan,26-02-2003,Hari Sharma,97-12-37-96488,985198535
30-31-38429124,Rita Panta,13-09-2002,Shiva Panta,92-32-42-06440,971512565
31-44-26477273,Ganesh Shrestha,03-03-1971,Suren Neupane,68-03-96-77473,976733283
98-62-20796476,Pratima Bhusal,04-09-1996,Rabin Khatiwada,62-51-41-05199,985673375
22-98-91686130,Santosh Gyawali,26-06-1980,Milan Gyawali,90-05-03-66787,988848443
13-03-61070550,Manisha Basnet,21-05-1986,Pradeep Pradhan,53-75-12-21582,989933757
46-49-21641273,Sanjita Dhamala,23-04-1996,Deepak Sharma,55-21-43-85559,986054624
38-66-90466949,Kiran Bhusal,15-05-1986,Suren Poudyal,93-41-94-71104,989347346
94-63-96060625,Anita Bhusal,01-05-1997,Maheshwar Rai,74-61-63-41618,971572387
00-97-91431349,Bina Adhikari,25-08-1995,Pawan Bajracharya,82-59-18-52012,972161538
89-24-74985385,Maheshwar Gurung,09-01-1971,Kiran Bhusal,25-23-71-76114,978030611
51-23-54695394,Maya Basnet,02-09-2005,Pradeep Shrestha,15-21-81-62136,977930039
00-97-91431349,Ganesh Aryal,10-11-1970,Arjun Shrestha,44-30-27-45386,981931561
81-58-75919556,Susmita Gyawali,03-12-1989,Jitendra KC,67-77-75-14211,976328627
32-53-16245980,Pratima Magar,03-09-1976,Ashok Sapkota,88-25-16-14709,989107602
23-38-94434048,Sarita Bhandari,10-12-1987,Hari Ghimire,71-50-82-61318,979456107
81-18-31821532,Sita Pradhan,08-05-1970,Niraj Bhandari,18-71-44-59728,982787636
30-63-62573545,Krishna Karki,04-12-1972,Rabin Bhusal,25-23-71-76114,982521803
48-66-19434424,Kusum Gurung,04-06-1984,Suman Aryal,15-82-64-03965,986804630
96-63-99806231,Shyam Dahal,23-12-1971,Bikash Panta,23-63-32-83542,977955270
46-49-21641273,Komal Pandey,15-12-1993,Hari Pokhrel,08-75-84-02612,986055624
62-31-66274275,Pooja Khatri,15-12-1993,Saroj Khatiwada,25-35-97-57625,976404861
52-24-96484021,Manish Bista,27-11-1995,Bishnu Shrestha,97-12-37-96488,982787636
24-46-10913953,Sushila Timilsina,03-04-2003,Krishna Tamang,89-51-36-65750,989009934
00-70-71994717,Maheshwar Panta,16-03-1973,Bijay Bista,23-63-32-83542,977627804
48-65-39651572,Nirmala Basnet,31-05-1998,Kiran Regmi,85-96-07-47614,977363445
51-23-54695394,Ram Regmi,26-06-1980,Ashok Aryal,82-69-51-68275,978030611
24-85-38838188,Pradeep Acharya,13-04-1971,Ganesh Dahal,90-76-54-70478,979819576
13-03-61070550,Radha Gyawali,10-08-1978,Santosh Thapa,12-10-63-76853,987540707
60-67-29586773,Rekha Subedi,07-11-2002,Krishna Neupane,16-73-00-70017,985897760
73-24-23236122,Anita Pradhan,14-10-1980,Pradeep Acharya,52-23-62-39694,979480412
38-39-20342971,Bimala Bhattarai,11-10-1971,Bikash Aryal,24-65-73-92818,982142660
95-71-19009093,Ganesh Panta,13-04-1971,Pradeep Acharya,30-23-03-93593,982697264
16-45-48075416,Santosh Gyawali,10-06-2005,Ganesh Panta,61-49-21-72695,982677765
69-84-48830244,Sneha Rai,24-11-1975,Bijay Thapa,10-74-69-01270,985265403
45-01-45258133,Shova Shrestha,23-02-2002,Krishna Timilsina,44-59-47-81344,989933757
53-05-59959038,Gita Dahal,25-04-1983,Milan Ghimire,53-75-12-21582,972314223
23-00-49898672,Sandeep Devkota,05-04-1976,Ram Regmi,37-27-11-28856,986054624
46-49-21641273,Pratima Bhusal,16-03-1973,Bimal Regmi,06-64-34-24947,988521776
04-98-65677055,Gita Bhattarai,29-03-1976,Niraj Bhattarai,38-76-46-56079,974070468
84-26-80543970,Sita Sapkota,02-08-1974,Ram Gurung,66-46-33-45260,973741177
55-10-89147366,Rajan Rijal,30-09-1990,Bimal Pradhan,12-69-62-11893,985390979
06-67-16080494,Kiran Aryal,23-04-1979,Rabin Bhusal,27-98-41-93299,974257795
07-79-68392972,Niraj Dahal,24-10-1973,Naren Basnet,89-51-36-65750,987667635
15-40-14109978,Ganesh Aryal,27-10-1981,Hari Timilsina,01-43-25-58089,982196415
58-83-12568151,Gita Subedi,23-01-1978,Dipesh Bhattarai,26-05-13-85942,986735437
94-14-79912792,Dipesh Gyawali,11-10-1971,Saroj Pandey,26-49-79-89427,976486048
82-57-25238041,Susmita Pandey,23-01-2002,Arjun Dhamala,03-58-58-10431,979952093
